;Produto;Valor_Total
0;Headset;165.44530815773163
1;Monitor;156.45721522123645
2;Mouse;174.66077361709065
3;Notebook;160.993676275616
4;Smartphone;170.1338291203326
5;Tablet;172.79167456584742
6;Teclado;155.93096647806652
