Genero;count;mean;std;min;25%;50%;75%;max
Feminino;2470.0;44.663967611336034;15.103840559358767;18.0;32.0;45.0;58.0;70.0
Masculino;2530.0;44.14268774703557;15.370056207013999;18.0;30.25;44.5;58.0;70.0
